{"meta": {"format": 3, "version": "7.11.0", "timestamp": "2025-10-26T15:58:11.996330", "branch_coverage": false, "show_contexts": false}, "files": {"starlette_async_jinja/responses.py": {"executed_lines": [1, 2, 3, 4, 6, 7, 8, 9, 10, 11, 12, 13, 14, 15, 17, 18, 21, 22, 23, 26, 27, 30, 31, 32, 38, 39, 40, 50, 51, 52, 54, 55, 56, 57, 66, 69, 70, 71, 83, 84, 85, 86, 87, 89, 90, 91, 92, 93, 94, 95, 97, 99, 102, 103, 106, 107, 108, 110, 111, 112, 113, 115, 116, 117, 119, 120, 121, 123, 124, 125, 126, 127, 129, 130, 131, 132, 133, 134, 135, 136, 137, 138, 139, 140, 141, 142, 143, 144, 145, 148, 149, 151, 153, 154, 155, 156, 157, 158, 159, 161, 162, 163, 164, 166, 169, 170, 172, 173, 174, 175, 177, 178, 181, 183, 184, 187, 189, 190, 192, 193, 194, 196, 197, 198, 199, 201, 202, 204, 211, 212, 213, 214, 215, 216, 217, 221, 224, 226, 227, 228, 229, 230, 231, 233, 236, 237, 238, 239, 241, 242, 243, 244, 246, 247, 248, 250, 251, 253, 255, 256, 260, 261, 263, 264, 266, 268, 274, 275, 276, 277, 278, 279, 280, 282, 284, 285, 286, 288, 295, 296, 298, 299, 300, 302, 303, 310, 312, 313, 317, 318, 320, 322, 323, 324, 325, 329, 330, 331, 332, 333, 334, 336, 339, 340, 341, 343, 346, 347, 348, 349, 350, 351, 352, 353, 355, 358, 359, 360, 361, 362, 363, 364, 365, 367, 370, 371, 373, 375, 376, 377, 379, 381, 384, 385, 386, 390, 392, 393, 395, 404, 405, 407], "summary": {"covered_lines": 239, "num_statements": 240, "percent_covered": 99.58333333333333, "percent_covered_display": "99", "missing_lines": 1, "excluded_lines": 4}, "missing_lines": [179], "excluded_lines": [14, 102, 103, 104], "functions": {"JsonResponse.render": {"executed_lines": [23], "summary": {"covered_lines": 1, "num_statements": 1, "percent_covered": 100.0, "percent_covered_display": "100", "missing_lines": 0, "excluded_lines": 0}, "missing_lines": [], "excluded_lines": []}, "BlockNotFoundError.__init__": {"executed_lines": [30, 31, 32], "summary": {"covered_lines": 3, "num_statements": 3, "percent_covered": 100.0, "percent_covered_display": "100", "missing_lines": 0, "excluded_lines": 0}, "missing_lines": [], "excluded_lines": []}, "_TemplateResponse.__init__": {"executed_lines": [50, 51, 52], "summary": {"covered_lines": 3, "num_statements": 3, "percent_covered": 100.0, "percent_covered_display": "100", "missing_lines": 0, "excluded_lines": 0}, "missing_lines": [], "excluded_lines": []}, "_TemplateResponse.__call__": {"executed_lines": [55, 56, 57, 66], "summary": {"covered_lines": 4, "num_statements": 4, "percent_covered": 100.0, "percent_covered_display": "100", "missing_lines": 0, "excluded_lines": 0}, "missing_lines": [], "excluded_lines": []}, "AsyncJinja2Templates.__init__": {"executed_lines": [83, 84, 85, 86, 87, 89, 90, 91, 92, 93, 94, 95, 97], "summary": {"covered_lines": 13, "num_statements": 13, "percent_covered": 100.0, "percent_covered_display": "100", "missing_lines": 0, "excluded_lines": 0}, "missing_lines": [], "excluded_lines": []}, "AsyncJinja2Templates._create_env": {"executed_lines": [103, 106, 107, 108, 110, 111, 112, 113], "summary": {"covered_lines": 7, "num_statements": 7, "percent_covered": 100.0, "percent_covered_display": "100", "missing_lines": 0, "excluded_lines": 1}, "missing_lines": [], "excluded_lines": [103]}, "AsyncJinja2Templates._create_env.url_for": {"executed_lines": [], "summary": {"covered_lines": 0, "num_statements": 0, "percent_covered": 100.0, "percent_covered_display": "100", "missing_lines": 0, "excluded_lines": 1}, "missing_lines": [], "excluded_lines": [104]}, "AsyncJinja2Templates._get_context_cache_key": {"executed_lines": [116, 117, 119, 120, 121], "summary": {"covered_lines": 5, "num_statements": 5, "percent_covered": 100.0, "percent_covered_display": "100", "missing_lines": 0, "excluded_lines": 0}, "missing_lines": [], "excluded_lines": []}, "AsyncJinja2Templates._is_context_cacheable": {"executed_lines": [124, 125, 126, 127], "summary": {"covered_lines": 4, "num_statements": 4, "percent_covered": 100.0, "percent_covered_display": "100", "missing_lines": 0, "excluded_lines": 0}, "missing_lines": [], "excluded_lines": []}, "AsyncJinja2Templates._get_processed_context": {"executed_lines": [130, 131, 132, 133, 134, 135, 136, 137, 138, 139, 140, 141, 142, 143, 144, 145, 148, 149, 151], "summary": {"covered_lines": 19, "num_statements": 19, "percent_covered": 100.0, "percent_covered_display": "100", "missing_lines": 0, "excluded_lines": 0}, "missing_lines": [], "excluded_lines": []}, "AsyncJinja2Templates._get_pooled_context": {"executed_lines": [154, 155, 156, 157, 158, 159], "summary": {"covered_lines": 6, "num_statements": 6, "percent_covered": 100.0, "percent_covered_display": "100", "missing_lines": 0, "excluded_lines": 0}, "missing_lines": [], "excluded_lines": []}, "AsyncJinja2Templates._return_to_pool": {"executed_lines": [162, 163, 164], "summary": {"covered_lines": 3, "num_statements": 3, "percent_covered": 100.0, "percent_covered_display": "100", "missing_lines": 0, "excluded_lines": 0}, "missing_lines": [], "excluded_lines": []}, "AsyncJinja2Templates._get_cached_block_func": {"executed_lines": [169, 170, 172, 173, 174, 175, 177, 178, 181, 183, 184, 187, 189, 190], "summary": {"covered_lines": 14, "num_statements": 15, "percent_covered": 93.33333333333333, "percent_covered_display": "93", "missing_lines": 1, "excluded_lines": 0}, "missing_lines": [179], "excluded_lines": []}, "AsyncJinja2Templates._preload_template_blocks": {"executed_lines": [193, 194], "summary": {"covered_lines": 2, "num_statements": 2, "percent_covered": 100.0, "percent_covered_display": "100", "missing_lines": 0, "excluded_lines": 0}, "missing_lines": [], "excluded_lines": []}, "AsyncJinja2Templates._validate_block_exists": {"executed_lines": [197, 198, 199], "summary": {"covered_lines": 3, "num_statements": 3, "percent_covered": 100.0, "percent_covered_display": "100", "missing_lines": 0, "excluded_lines": 0}, "missing_lines": [], "excluded_lines": []}, "AsyncJinja2Templates._should_use_stringio": {"executed_lines": [202], "summary": {"covered_lines": 1, "num_statements": 1, "percent_covered": 100.0, "percent_covered_display": "100", "missing_lines": 0, "excluded_lines": 0}, "missing_lines": [], "excluded_lines": []}, "AsyncJinja2Templates.render_block": {"executed_lines": [211, 212, 213, 214, 215, 216, 217], "summary": {"covered_lines": 7, "num_statements": 7, "percent_covered": 100.0, "percent_covered_display": "100", "missing_lines": 0, "excluded_lines": 0}, "missing_lines": [], "excluded_lines": []}, "AsyncJinja2Templates.generate_render_partial": {"executed_lines": [224], "summary": {"covered_lines": 1, "num_statements": 1, "percent_covered": 100.0, "percent_covered_display": "100", "missing_lines": 0, "excluded_lines": 0}, "missing_lines": [], "excluded_lines": []}, "AsyncJinja2Templates.renderer": {"executed_lines": [227, 228, 229, 230, 231], "summary": {"covered_lines": 5, "num_statements": 5, "percent_covered": 100.0, "percent_covered_display": "100", "missing_lines": 0, "excluded_lines": 0}, "missing_lines": [], "excluded_lines": []}, "AsyncJinja2Templates._get_block_function_and_template": {"executed_lines": [236, 237, 238, 239, 241, 242, 243, 244, 246, 247, 248, 250, 251, 253, 255, 256, 260, 261, 263, 264, 266], "summary": {"covered_lines": 21, "num_statements": 21, "percent_covered": 100.0, "percent_covered_display": "100", "missing_lines": 0, "excluded_lines": 0}, "missing_lines": [], "excluded_lines": []}, "AsyncJinja2Templates._render_block_content": {"executed_lines": [274, 275, 276, 277, 278, 279, 280, 282, 284, 285, 286], "summary": {"covered_lines": 11, "num_statements": 11, "percent_covered": 100.0, "percent_covered_display": "100", "missing_lines": 0, "excluded_lines": 0}, "missing_lines": [], "excluded_lines": []}, "AsyncJinja2Templates.render_fragment": {"executed_lines": [295, 296, 298, 299, 300, 302, 303, 310, 312, 313, 317, 318, 320, 322, 323, 324, 325], "summary": {"covered_lines": 17, "num_statements": 17, "percent_covered": 100.0,